<keymap version="1" name="WindowsKA" parent="$default">
  <action id="$LRU">
    <keyboard-shortcut first-keystroke="shift ctrl o" />
  </action>
  <action id="$SearchWeb">
    <keyboard-shortcut first-keystroke="alt s" />
  </action>
  <action id="ActivateFavoritesToolWindow" />
  <action id="ActivateFindToolWindow" />
  <action id="ActivateGradleToolWindow">
    <keyboard-shortcut first-keystroke="alt 2" />
  </action>
  <action id="ActivateInspectionResultsToolWindow">
    <keyboard-shortcut first-keystroke="alt 3" />
  </action>
  <action id="ActivateProblemsViewToolWindow">
    <keyboard-shortcut first-keystroke="alt 7" />
  </action>
  <action id="ActivateServicesToolWindow" />
  <action id="ActivateStructureToolWindow">
    <keyboard-shortcut first-keystroke="alt 8" />
  </action>
  <action id="ActivateTerminalToolWindow">
    <keyboard-shortcut first-keystroke="alt 6" />
  </action>
  <action id="Annotate">
    <keyboard-shortcut first-keystroke="ctrl alt a" />
  </action>
  <action id="Arrangement.Alias.Rule.Edit" />
  <action id="Arrangement.Rule.Edit" />
  <action id="Arrangement.Rule.Match.Condition.Move.Down" />
  <action id="Arrangement.Rule.Match.Condition.Move.Up" />
  <action id="AutoIndentLines" />
  <action id="ChangesView.AddUnversioned" />
  <action id="ChangesView.Rename">
    <keyboard-shortcut first-keystroke="shift f6" />
  </action>
  <action id="ChangesView.ShelveSilently" />
  <action id="CloseAllEditorsButActive">
    <keyboard-shortcut first-keystroke="shift ctrl w" />
  </action>
  <action id="CloseAllToTheRight">
    <keyboard-shortcut first-keystroke="shift alt w" />
  </action>
  <action id="CloseContent">
    <keyboard-shortcut first-keystroke="ctrl w" />
  </action>
  <action id="CloseProject">
    <keyboard-shortcut first-keystroke="ctrl f4" />
  </action>
  <action id="CommentByBlockComment">
    <keyboard-shortcut first-keystroke="shift ctrl slash" />
    <keyboard-shortcut first-keystroke="shift ctrl divide" />
    <keyboard-shortcut first-keystroke="alt y" />
  </action>
  <action id="CommentByLineComment">
    <keyboard-shortcut first-keystroke="ctrl slash" />
    <keyboard-shortcut first-keystroke="ctrl divide" />
    <keyboard-shortcut first-keystroke="alt t" />
  </action>
  <action id="Compare.Selected">
    <keyboard-shortcut first-keystroke="ctrl h" />
  </action>
  <action id="CompareClipboardWithSelection">
    <keyboard-shortcut first-keystroke="shift alt v" />
  </action>
  <action id="CompareFileWithEditor">
    <keyboard-shortcut first-keystroke="ctrl d" />
  </action>
  <action id="CompareTwoFiles" />
  <action id="ConsoleView.ClearAll">
    <keyboard-shortcut first-keystroke="ctrl q" />
    <keyboard-shortcut first-keystroke="shift ctrl back_space" />
  </action>
  <action id="CopyPaths" />
  <action id="CopyReferencePopup">
    <keyboard-shortcut first-keystroke="shift ctrl c" />
  </action>
  <action id="Debugger.EditArrayFilter" />
  <action id="Debugger.EditCustomField" />
  <action id="Debugger.EditTypeSource" />
  <action id="DecrementWindowHeight" />
  <action id="Diff.ApplyLeftSide" />
  <action id="Diff.ApplyRightSide" />
  <action id="Diff.FocusOppositePaneAndScroll" />
  <action id="Diff.NextChange" />
  <action id="Diff.PrevChange" />
  <action id="EditSource" />
  <action id="EditSourceInNewWindow">
    <keyboard-shortcut first-keystroke="shift ctrl n" />
  </action>
  <action id="Editor LRU">
    <keyboard-shortcut first-keystroke="shift ctrl o" />
  </action>
  <action id="Editor SearchWeb">
    <keyboard-shortcut first-keystroke="alt s" />
  </action>
  <action id="EditorAddCaretPerSelectedLine" />
  <action id="EditorBackSpace">
    <keyboard-shortcut first-keystroke="back_space" />
  </action>
  <action id="EditorCloneCaretAbove">
    <keyboard-shortcut first-keystroke="alt up" />
  </action>
  <action id="EditorCloneCaretBelow">
    <keyboard-shortcut first-keystroke="alt down" />
  </action>
  <action id="EditorDeleteLine">
    <keyboard-shortcut first-keystroke="shift back_space" />
  </action>
  <action id="EditorMoveToPageBottom" />
  <action id="EditorMoveToPageBottomWithSelection" />
  <action id="EditorMoveToPageTop" />
  <action id="EditorMoveToPageTopWithSelection" />
  <action id="EditorNextWordInDifferentHumpsMode">
    <keyboard-shortcut first-keystroke="alt right" />
  </action>
  <action id="EditorNextWordInDifferentHumpsModeWithSelection">
    <keyboard-shortcut first-keystroke="shift alt right" />
  </action>
  <action id="EditorPreviousWordInDifferentHumpsMode">
    <keyboard-shortcut first-keystroke="alt left" />
  </action>
  <action id="EditorPreviousWordInDifferentHumpsModeWithSelection">
    <keyboard-shortcut first-keystroke="shift alt left" />
  </action>
  <action id="EditorSelectWord" />
  <action id="EditorToggleShowGutterIcons">
    <keyboard-shortcut first-keystroke="ctrl less" />
  </action>
  <action id="EditorToggleShowLineNumbers">
    <keyboard-shortcut first-keystroke="shift ctrl less" />
  </action>
  <action id="EditorToggleUseSoftWraps">
    <keyboard-shortcut first-keystroke="alt w" />
  </action>
  <action id="EditorUnSelectWord" />
  <action id="EvaluateExpression">
    <keyboard-shortcut first-keystroke="alt f8" />
    <keyboard-shortcut first-keystroke="ctrl e" />
  </action>
  <action id="ExternalSystem.ProjectRefreshAction" />
  <action id="FileChooser.TogglePathShowing" />
  <action id="Generate">
    <keyboard-shortcut first-keystroke="alt insert" />
    <mouse-shortcut keystroke="control button3" />
  </action>
  <action id="Git.Commit.And.Push.Executor" />
  <action id="Git.CompareWithBranch">
    <keyboard-shortcut first-keystroke="alt g" />
  </action>
  <action id="Git.Rename.Local.Branch">
    <keyboard-shortcut first-keystroke="shift f6" />
  </action>
  <action id="Git.Reword.Commit">
    <keyboard-shortcut first-keystroke="shift f6" />
  </action>
  <action id="GotoCustomRegion" />
  <action id="GotoDeclaration">
    <mouse-shortcut keystroke="control button1" />
    <mouse-shortcut keystroke="button2" />
    <keyboard-shortcut first-keystroke="shift ctrl tab" />
  </action>
  <action id="GotoFile" />
  <action id="GotoImplementation">
    <keyboard-shortcut first-keystroke="shift ctrl page_down" />
    <mouse-shortcut keystroke="control button2" />
  </action>
  <action id="GotoNextError">
    <keyboard-shortcut first-keystroke="f4" />
  </action>
  <action id="GotoPreviousError">
    <keyboard-shortcut first-keystroke="shift f4" />
  </action>
  <action id="GotoSuperMethod">
    <keyboard-shortcut first-keystroke="shift ctrl page_up" />
    <mouse-shortcut keystroke="alt button2" />
  </action>
  <action id="GotoTest" />
  <action id="GotoTypeDeclaration">
    <mouse-shortcut keystroke="shift control button1" />
  </action>
  <action id="Hg.Commit.And.Push.Executor" />
  <action id="Hotswap">
    <keyboard-shortcut first-keystroke="alt f5" />
  </action>
  <action id="IncrementWindowHeight" />
  <action id="InspectCode">
    <keyboard-shortcut first-keystroke="ctrl alt i" />
  </action>
  <action id="JumpToLastChange">
    <keyboard-shortcut first-keystroke="ctrl alt up" />
    <mouse-shortcut keystroke="control button4" />
  </action>
  <action id="JumpToNextChange">
    <keyboard-shortcut first-keystroke="ctrl alt down" />
    <mouse-shortcut keystroke="control button5" />
  </action>
  <action id="LocalHistory.ShowHistory">
    <keyboard-shortcut first-keystroke="alt h" />
  </action>
  <action id="LocalHistory.ShowSelectionHistory">
    <keyboard-shortcut first-keystroke="shift alt h" />
  </action>
  <action id="MethodDown">
    <keyboard-shortcut first-keystroke="alt page_down" />
  </action>
  <action id="MethodHierarchy" />
  <action id="MethodHierarchy.OverrideMethodAction" />
  <action id="MethodUp">
    <keyboard-shortcut first-keystroke="alt page_up" />
  </action>
  <action id="MoveLineDown">
    <keyboard-shortcut first-keystroke="shift ctrl down" />
  </action>
  <action id="MoveLineUp">
    <keyboard-shortcut first-keystroke="shift ctrl up" />
  </action>
  <action id="MoveStatementDown">
    <keyboard-shortcut first-keystroke="shift alt down" />
  </action>
  <action id="MoveStatementUp">
    <keyboard-shortcut first-keystroke="shift alt up" />
  </action>
  <action id="NextEditorTab" />
  <action id="NextOccurence" />
  <action id="NextTab">
    <keyboard-shortcut first-keystroke="ctrl page_down" />
  </action>
  <action id="OpenFile">
    <keyboard-shortcut first-keystroke="ctrl o" />
  </action>
  <action id="OverrideMethods" />
  <action id="ParameterInfo" />
  <action id="PreviousEditorTab" />
  <action id="PreviousOccurence" />
  <action id="PreviousTab">
    <keyboard-shortcut first-keystroke="ctrl page_up" />
  </action>
  <action id="QuickChangeScheme">
    <keyboard-shortcut first-keystroke="ctrl back_quote" />
    <keyboard-shortcut first-keystroke="ctrl #100007c" />
  </action>
  <action id="QuickJavaDoc" />
  <action id="RecentFiles">
    <keyboard-shortcut first-keystroke="ctrl p" />
  </action>
  <action id="ReformatCode">
    <keyboard-shortcut first-keystroke="ctrl alt l" />
    <keyboard-shortcut first-keystroke="alt f" />
  </action>
  <action id="RenameElement">
    <keyboard-shortcut first-keystroke="shift f6" />
    <keyboard-shortcut first-keystroke="alt r" />
  </action>
  <action id="RenameFile">
    <keyboard-shortcut first-keystroke="f2" />
  </action>
  <action id="ResizeToolWindowDown" />
  <action id="ResizeToolWindowUp" />
  <action id="ResourceExplorer.show" />
  <action id="RevealIn">
    <keyboard-shortcut first-keystroke="alt e" />
  </action>
  <action id="RunToCursor">
    <keyboard-shortcut first-keystroke="alt f9" />
    <keyboard-shortcut first-keystroke="f10" />
  </action>
  <action id="SelectInProjectView">
    <keyboard-shortcut first-keystroke="alt a" />
  </action>
  <action id="ServiceView.GroupByContributor" />
  <action id="ServiceView.ShowServices" />
  <action id="ShelvedChanges.Rename">
    <keyboard-shortcut first-keystroke="shift f6" />
  </action>
  <action id="ShowContent" />
  <action id="SplitVertically">
    <keyboard-shortcut first-keystroke="alt d" />
  </action>
  <action id="SurroundWith" />
  <action id="Switcher">
    <keyboard-shortcut first-keystroke="ctrl tab" />
  </action>
  <action id="SwitcherIterateItems">
    <keyboard-shortcut first-keystroke="ctrl p" />
  </action>
  <action id="SwitcherRecentEditedChangedToggleCheckBox">
    <keyboard-shortcut first-keystroke="ctrl p" />
  </action>
  <action id="Terminal.OpenInTerminal">
    <keyboard-shortcut first-keystroke="ctrl alt t" />
  </action>
  <action id="ToggleBreakpointEnabled">
    <keyboard-shortcut first-keystroke="ctrl alt comma" />
  </action>
  <action id="ToggleDistractionFreeMode">
    <keyboard-shortcut first-keystroke="ctrl alt k" />
  </action>
  <action id="ToggleLineBreakpoint">
    <keyboard-shortcut first-keystroke="ctrl alt period" />
    <keyboard-shortcut first-keystroke="alt period" />
  </action>
  <action id="TypeHierarchy" />
  <action id="TypeHierarchyBase.BaseOnThisType" />
  <action id="UsageGrouping.UsageType" />
  <action id="Vcs.ShowHistoryForBlock">
    <keyboard-shortcut first-keystroke="shift ctrl h" />
  </action>
  <action id="Vcs.ShowMessageHistory">
    <keyboard-shortcut first-keystroke="ctrl m" />
  </action>
  <action id="Vcs.ShowTabbedFileHistory">
    <keyboard-shortcut first-keystroke="shift alt g" />
  </action>
  <action id="VcsShowNextChangeMarker">
    <keyboard-shortcut first-keystroke="ctrl alt page_down" />
    <mouse-shortcut keystroke="alt button5" />
  </action>
  <action id="VcsShowPrevChangeMarker">
    <keyboard-shortcut first-keystroke="ctrl alt page_up" />
    <mouse-shortcut keystroke="alt button4" />
  </action>
  <action id="XDebugger.EditWatch" />
  <action id="XDebugger.JumpToTypeSource" />
  <action id="XDebugger.MuteBreakpoints">
    <keyboard-shortcut first-keystroke="alt comma" />
  </action>
  <action id="editRunConfigurations">
    <keyboard-shortcut first-keystroke="shift ctrl b" />
  </action>
  <action id="hg4idea.QGotoFromPatches" />
  <action id="osmedile.intellij.stringmanip.DecodeBase64Action">
    <keyboard-shortcut first-keystroke="alt b" second-keystroke="alt d" />
  </action>
  <action id="osmedile.intellij.stringmanip.EncodeBase64Action">
    <keyboard-shortcut first-keystroke="alt b" second-keystroke="alt e" />
  </action>
  <action id="tasks.close" />
</keymap>